{
  "assets": [
    "BTC",
    "LTC",
    "ETH",
    "ETC",
    "RRT",
    "ZEC",
    "XMR",
    "DSH",
    "XRP",
    "IOT",
    "EOS",
    "SAN",
    "OMG",
    "BCH",
    "NEO",
    "ETP",
    "QTM",
    "AVT",
    "EDO",
    "BTG",
    "DAT",
    "QSH",
    "YYW",
    "GNT",
    "SNT",
    "BAT",
    "MNA",
    "FUN",
    "ZRX",
    "TNB",
    "SPK",
    "TRX",
    "RCN",
    "RLC",
    "AID",
    "SNG",
    "REP",
    "ELF"
  ],
  "currencies": [
    "USD",
    "BTC",
    "EUR",
    "ETH"
  ],
  "markets": [
    {
      "pair": [
        "USD",
        "BTC"
      ],
      "minimalOrder": {
        "amount": "0.002",
        "unit": "asset"
      }
    },
    {
      "pair": [
        "USD",
        "LTC"
      ],
      "minimalOrder": {
        "amount": "0.08",
        "unit": "asset"
      }
    },
    {
      "pair": [
        "BTC",
        "LTC"
      ],
      "minimalOrder": {
        "amount": "0.08",
        "unit": "asset"
      }
    },
    {
      "pair": [
        "USD",
        "ETH"
      ],
      "minimalOrder": {
        "amount": "0.02",
        "unit": "asset"
      }
    },
    {
      "pair": [
        "BTC",
        "ETH"
      ],
      "minimalOrder": {
        "amount": "0.02",
        "unit": "asset"
      }
    },
    {
      "pair": [
        "BTC",
        "ETC"
      ],
      "minimalOrder": {
        "amount": "0.6",
        "unit": "asset"
      }
    },
    {
      "pair": [
        "USD",
        "ETC"
      ],
      "minimalOrder": {
        "amount": "0.6",
        "unit": "asset"
      }
    },
    {
      "pair": [
        "USD",
        "RRT"
      ],
      "minimalOrder": {
        "amount": "130.0",
        "unit": "asset"
      }
    },
    {
      "pair": [
        "BTC",
        "RRT"
      ],
      "minimalOrder": {
        "amount": "130.0",
        "unit": "asset"
      }
    },
    {
      "pair": [
        "USD",
        "ZEC"
      ],
      "minimalOrder": {
        "amount": "0.04",
        "unit": "asset"
      }
    },
    {
      "pair": [
        "BTC",
        "ZEC"
      ],
      "minimalOrder": {
        "amount": "0.04",
        "unit": "asset"
      }
    },
    {
      "pair": [
        "USD",
        "XMR"
      ],
      "minimalOrder": {
        "amount": "0.06",
        "unit": "asset"
      }
    },
    {
      "pair": [
        "BTC",
        "XMR"
      ],
      "minimalOrder": {
        "amount": "0.06",
        "unit": "asset"
      }
    },
    {
      "pair": [
        "USD",
        "DSH"
      ],
      "minimalOrder": {
        "amount": "0.02",
        "unit": "asset"
      }
    },
    {
      "pair": [
        "BTC",
        "DSH"
      ],
      "minimalOrder": {
        "amount": "0.02",
        "unit": "asset"
      }
    },
    {
      "pair": [
        "EUR",
        "BTC"
      ],
      "minimalOrder": {
        "amount": "0.002",
        "unit": "asset"
      }
    },
    {
      "pair": [
        "USD",
        "XRP"
      ],
      "minimalOrder": {
        "amount": "12.0",
        "unit": "asset"
      }
    },
    {
      "pair": [
        "BTC",
        "XRP"
      ],
      "minimalOrder": {
        "amount": "12.0",
        "unit": "asset"
      }
    },
    {
      "pair": [
        "USD",
        "IOT"
      ],
      "minimalOrder": {
        "amount": "6.0",
        "unit": "asset"
      }
    },
    {
      "pair": [
        "BTC",
        "IOT"
      ],
      "minimalOrder": {
        "amount": "6.0",
        "unit": "asset"
      }
    },
    {
      "pair": [
        "ETH",
        "IOT"
      ],
      "minimalOrder": {
        "amount": "6.0",
        "unit": "asset"
      }
    },
    {
      "pair": [
        "USD",
        "EOS"
      ],
      "minimalOrder": {
        "amount": "2.0",
        "unit": "asset"
      }
    },
    {
      "pair": [
        "BTC",
        "EOS"
      ],
      "minimalOrder": {
        "amount": "2.0",
        "unit": "asset"
      }
    },
    {
      "pair": [
        "ETH",
        "EOS"
      ],
      "minimalOrder": {
        "amount": "2.0",
        "unit": "asset"
      }
    },
    {
      "pair": [
        "USD",
        "SAN"
      ],
      "minimalOrder": {
        "amount": "6.0",
        "unit": "asset"
      }
    },
    {
      "pair": [
        "BTC",
        "SAN"
      ],
      "minimalOrder": {
        "amount": "6.0",
        "unit": "asset"
      }
    },
    {
      "pair": [
        "ETH",
        "SAN"
      ],
      "minimalOrder": {
        "amount": "6.0",
        "unit": "asset"
      }
    },
    {
      "pair": [
        "USD",
        "OMG"
      ],
      "minimalOrder": {
        "amount": "1.0",
        "unit": "asset"
      }
    },
    {
      "pair": [
        "BTC",
        "OMG"
      ],
      "minimalOrder": {
        "amount": "1.0",
        "unit": "asset"
      }
    },
    {
      "pair": [
        "ETH",
        "OMG"
      ],
      "minimalOrder": {
        "amount": "1.0",
        "unit": "asset"
      }
    },
    {
      "pair": [
        "USD",
        "BCH"
      ],
      "minimalOrder": {
        "amount": "0.008",
        "unit": "asset"
      }
    },
    {
      "pair": [
        "BTC",
        "BCH"
      ],
      "minimalOrder": {
        "amount": "0.008",
        "unit": "asset"
      }
    },
    {
      "pair": [
        "ETH",
        "BCH"
      ],
      "minimalOrder": {
        "amount": "0.008",
        "unit": "asset"
      }
    },
    {
      "pair": [
        "USD",
        "NEO"
      ],
      "minimalOrder": {
        "amount": "0.2",
        "unit": "asset"
      }
    },
    {
      "pair": [
        "BTC",
        "NEO"
      ],
      "minimalOrder": {
        "amount": "0.2",
        "unit": "asset"
      }
    },
    {
      "pair": [
        "ETH",
        "NEO"
      ],
      "minimalOrder": {
        "amount": "0.2",
        "unit": "asset"
      }
    },
    {
      "pair": [
        "USD",
        "ETP"
      ],
      "minimalOrder": {
        "amount": "6.0",
        "unit": "asset"
      }
    },
    {
      "pair": [
        "BTC",
        "ETP"
      ],
      "minimalOrder": {
        "amount": "6.0",
        "unit": "asset"
      }
    },
    {
      "pair": [
        "ETH",
        "ETP"
      ],
      "minimalOrder": {
        "amount": "6.0",
        "unit": "asset"
      }
    },
    {
      "pair": [
        "USD",
        "QTM"
      ],
      "minimalOrder": {
        "amount": "0.4",
        "unit": "asset"
      }
    },
    {
      "pair": [
        "BTC",
        "QTM"
      ],
      "minimalOrder": {
        "amount": "0.4",
        "unit": "asset"
      }
    },
    {
      "pair": [
        "ETH",
        "QTM"
      ],
      "minimalOrder": {
        "amount": "0.4",
        "unit": "asset"
      }
    },
    {
      "pair": [
        "USD",
        "AVT"
      ],
      "minimalOrder": {
        "amount": "4.0",
        "unit": "asset"
      }
    },
    {
      "pair": [
        "BTC",
        "AVT"
      ],
      "minimalOrder": {
        "amount": "4.0",
        "unit": "asset"
      }
    },
    {
      "pair": [
        "ETH",
        "AVT"
      ],
      "minimalOrder": {
        "amount": "4.0",
        "unit": "asset"
      }
    },
    {
      "pair": [
        "USD",
        "EDO"
      ],
      "minimalOrder": {
        "amount": "4.0",
        "unit": "asset"
      }
    },
    {
      "pair": [
        "BTC",
        "EDO"
      ],
      "minimalOrder": {
        "amount": "4.0",
        "unit": "asset"
      }
    },
    {
      "pair": [
        "ETH",
        "EDO"
      ],
      "minimalOrder": {
        "amount": "4.0",
        "unit": "asset"
      }
    },
    {
      "pair": [
        "USD",
        "BTG"
      ],
      "minimalOrder": {
        "amount": "0.08",
        "unit": "asset"
      }
    },
    {
      "pair": [
        "BTC",
        "BTG"
      ],
      "minimalOrder": {
        "amount": "0.08",
        "unit": "asset"
      }
    },
    {
      "pair": [
        "USD",
        "DAT"
      ],
      "minimalOrder": {
        "amount": "80.0",
        "unit": "asset"
      }
    },
    {
      "pair": [
        "BTC",
        "DAT"
      ],
      "minimalOrder": {
        "amount": "80.0",
        "unit": "asset"
      }
    },
    {
      "pair": [
        "ETH",
        "DAT"
      ],
      "minimalOrder": {
        "amount": "80.0",
        "unit": "asset"
      }
    },
    {
      "pair": [
        "USD",
        "QSH"
      ],
      "minimalOrder": {
        "amount": "10.0",
        "unit": "asset"
      }
    },
    {
      "pair": [
        "BTC",
        "QSH"
      ],
      "minimalOrder": {
        "amount": "10.0",
        "unit": "asset"
      }
    },
    {
      "pair": [
        "ETH",
        "QSH"
      ],
      "minimalOrder": {
        "amount": "10.0",
        "unit": "asset"
      }
    },
    {
      "pair": [
        "USD",
        "YYW"
      ],
      "minimalOrder": {
        "amount": "62.0",
        "unit": "asset"
      }
    },
    {
      "pair": [
        "BTC",
        "YYW"
      ],
      "minimalOrder": {
        "amount": "62.0",
        "unit": "asset"
      }
    },
    {
      "pair": [
        "ETH",
        "YYW"
      ],
      "minimalOrder": {
        "amount": "62.0",
        "unit": "asset"
      }
    },
    {
      "pair": [
        "USD",
        "GNT"
      ],
      "minimalOrder": {
        "amount": "28.0",
        "unit": "asset"
      }
    },
    {
      "pair": [
        "BTC",
        "GNT"
      ],
      "minimalOrder": {
        "amount": "28.0",
        "unit": "asset"
      }
    },
    {
      "pair": [
        "ETH",
        "GNT"
      ],
      "minimalOrder": {
        "amount": "28.0",
        "unit": "asset"
      }
    },
    {
      "pair": [
        "USD",
        "SNT"
      ],
      "minimalOrder": {
        "amount": "56.0",
        "unit": "asset"
      }
    },
    {
      "pair": [
        "BTC",
        "SNT"
      ],
      "minimalOrder": {
        "amount": "56.0",
        "unit": "asset"
      }
    },
    {
      "pair": [
        "ETH",
        "SNT"
      ],
      "minimalOrder": {
        "amount": "56.0",
        "unit": "asset"
      }
    },
    {
      "pair": [
        "EUR",
        "IOT"
      ],
      "minimalOrder": {
        "amount": "6.0",
        "unit": "asset"
      }
    },
    {
      "pair": [
        "USD",
        "BAT"
      ],
      "minimalOrder": {
        "amount": "24.0",
        "unit": "asset"
      }
    },
    {
      "pair": [
        "BTC",
        "BAT"
      ],
      "minimalOrder": {
        "amount": "24.0",
        "unit": "asset"
      }
    },
    {
      "pair": [
        "ETH",
        "BAT"
      ],
      "minimalOrder": {
        "amount": "24.0",
        "unit": "asset"
      }
    },
    {
      "pair": [
        "USD",
        "MNA"
      ],
      "minimalOrder": {
        "amount": "108.0",
        "unit": "asset"
      }
    },
    {
      "pair": [
        "BTC",
        "MNA"
      ],
      "minimalOrder": {
        "amount": "108.0",
        "unit": "asset"
      }
    },
    {
      "pair": [
        "ETH",
        "MNA"
      ],
      "minimalOrder": {
        "amount": "108.0",
        "unit": "asset"
      }
    },
    {
      "pair": [
        "USD",
        "FUN"
      ],
      "minimalOrder": {
        "amount": "190.0",
        "unit": "asset"
      }
    },
    {
      "pair": [
        "BTC",
        "FUN"
      ],
      "minimalOrder": {
        "amount": "190.0",
        "unit": "asset"
      }
    },
    {
      "pair": [
        "ETH",
        "FUN"
      ],
      "minimalOrder": {
        "amount": "190.0",
        "unit": "asset"
      }
    },
    {
      "pair": [
        "USD",
        "ZRX"
      ],
      "minimalOrder": {
        "amount": "8.0",
        "unit": "asset"
      }
    },
    {
      "pair": [
        "BTC",
        "ZRX"
      ],
      "minimalOrder": {
        "amount": "8.0",
        "unit": "asset"
      }
    },
    {
      "pair": [
        "ETH",
        "ZRX"
      ],
      "minimalOrder": {
        "amount": "8.0",
        "unit": "asset"
      }
    },
    {
      "pair": [
        "USD",
        "TNB"
      ],
      "minimalOrder": {
        "amount": "134.0",
        "unit": "asset"
      }
    },
    {
      "pair": [
        "BTC",
        "TNB"
      ],
      "minimalOrder": {
        "amount": "134.0",
        "unit": "asset"
      }
    },
    {
      "pair": [
        "ETH",
        "TNB"
      ],
      "minimalOrder": {
        "amount": "134.0",
        "unit": "asset"
      }
    },
    {
      "pair": [
        "USD",
        "SPK"
      ],
      "minimalOrder": {
        "amount": "48.0",
        "unit": "asset"
      }
    },
    {
      "pair": [
        "BTC",
        "SPK"
      ],
      "minimalOrder": {
        "amount": "48.0",
        "unit": "asset"
      }
    },
    {
      "pair": [
        "ETH",
        "SPK"
      ],
      "minimalOrder": {
        "amount": "48.0",
        "unit": "asset"
      }
    },
    {
      "pair": [
        "USD",
        "TRX"
      ],
      "minimalOrder": {
        "amount": "238.0",
        "unit": "asset"
      }
    },
    {
      "pair": [
        "BTC",
        "TRX"
      ],
      "minimalOrder": {
        "amount": "238.0",
        "unit": "asset"
      }
    },
    {
      "pair": [
        "ETH",
        "TRX"
      ],
      "minimalOrder": {
        "amount": "238.0",
        "unit": "asset"
      }
    },
    {
      "pair": [
        "USD",
        "RCN"
      ],
      "minimalOrder": {
        "amount": "52.0",
        "unit": "asset"
      }
    },
    {
      "pair": [
        "BTC",
        "RCN"
      ],
      "minimalOrder": {
        "amount": "52.0",
        "unit": "asset"
      }
    },
    {
      "pair": [
        "ETH",
        "RCN"
      ],
      "minimalOrder": {
        "amount": "52.0",
        "unit": "asset"
      }
    },
    {
      "pair": [
        "USD",
        "RLC"
      ],
      "minimalOrder": {
        "amount": "6.0",
        "unit": "asset"
      }
    },
    {
      "pair": [
        "BTC",
        "RLC"
      ],
      "minimalOrder": {
        "amount": "6.0",
        "unit": "asset"
      }
    },
    {
      "pair": [
        "ETH",
        "RLC"
      ],
      "minimalOrder": {
        "amount": "6.0",
        "unit": "asset"
      }
    },
    {
      "pair": [
        "USD",
        "AID"
      ],
      "minimalOrder": {
        "amount": "38.0",
        "unit": "asset"
      }
    },
    {
      "pair": [
        "BTC",
        "AID"
      ],
      "minimalOrder": {
        "amount": "38.0",
        "unit": "asset"
      }
    },
    {
      "pair": [
        "ETH",
        "AID"
      ],
      "minimalOrder": {
        "amount": "38.0",
        "unit": "asset"
      }
    },
    {
      "pair": [
        "USD",
        "SNG"
      ],
      "minimalOrder": {
        "amount": "56.0",
        "unit": "asset"
      }
    },
    {
      "pair": [
        "BTC",
        "SNG"
      ],
      "minimalOrder": {
        "amount": "56.0",
        "unit": "asset"
      }
    },
    {
      "pair": [
        "ETH",
        "SNG"
      ],
      "minimalOrder": {
        "amount": "56.0",
        "unit": "asset"
      }
    },
    {
      "pair": [
        "USD",
        "REP"
      ],
      "minimalOrder": {
        "amount": "0.2",
        "unit": "asset"
      }
    },
    {
      "pair": [
        "BTC",
        "REP"
      ],
      "minimalOrder": {
        "amount": "0.2",
        "unit": "asset"
      }
    },
    {
      "pair": [
        "ETH",
        "REP"
      ],
      "minimalOrder": {
        "amount": "0.2",
        "unit": "asset"
      }
    },
    {
      "pair": [
        "USD",
        "ELF"
      ],
      "minimalOrder": {
        "amount": "6.0",
        "unit": "asset"
      }
    },
    {
      "pair": [
        "BTC",
        "ELF"
      ],
      "minimalOrder": {
        "amount": "6.0",
        "unit": "asset"
      }
    },
    {
      "pair": [
        "ETH",
        "ELF"
      ],
      "minimalOrder": {
        "amount": "6.0",
        "unit": "asset"
      }
    }
  ]
}