{
  "assets": [
    "BCH",
    "DASH",
    "EOS",
    "GNO",
    "USDT",
    "ETC",
    "ETH",
    "ICN",
    "LTC",
    "MLN",
    "REP",
    "XBT",
    "XDG",
    "XLM",
    "XMR",
    "XRP",
    "ZEC"
  ],
  "currencies": [
    "EUR",
    "USD",
    "XBT",
    "ETH",
    "CAD",
    "GBP",
    "JPY"
  ],
  "markets": [
    {
      "pair": [
        "EUR",
        "BCH"
      ],
      "prefixed": [
        "ZEUR",
        "BCH"
      ],
      "book": "BCHEUR",
      "minimalOrder": {
        "amount": "0.002",
        "unit": "asset"
      },
      "precision": 1
    },
    {
      "pair": [
        "USD",
        "BCH"
      ],
      "prefixed": [
        "ZUSD",
        "BCH"
      ],
      "book": "BCHUSD",
      "minimalOrder": {
        "amount": "0.002",
        "unit": "asset"
      },
      "precision": 1
    },
    {
      "pair": [
        "XBT",
        "BCH"
      ],
      "prefixed": [
        "XXBT",
        "BCH"
      ],
      "book": "BCHXBT",
      "minimalOrder": {
        "amount": "0.002",
        "unit": "asset"
      },
      "precision": 5
    },
    {
      "pair": [
        "EUR",
        "DASH"
      ],
      "prefixed": [
        "ZEUR",
        "DASH"
      ],
      "book": "DASHEUR",
      "minimalOrder": {
        "amount": "0.03",
        "unit": "asset"
      },
      "precision": 3
    },
    {
      "pair": [
        "USD",
        "DASH"
      ],
      "prefixed": [
        "ZUSD",
        "DASH"
      ],
      "book": "DASHUSD",
      "minimalOrder": {
        "amount": "0.03",
        "unit": "asset"
      },
      "precision": 3
    },
    {
      "pair": [
        "XBT",
        "DASH"
      ],
      "prefixed": [
        "XXBT",
        "DASH"
      ],
      "book": "DASHXBT",
      "minimalOrder": {
        "amount": "0.03",
        "unit": "asset"
      },
      "precision": 5
    },
    {
      "pair": [
        "ETH",
        "EOS"
      ],
      "prefixed": [
        "XETH",
        "EOS"
      ],
      "book": "EOSETH",
      "minimalOrder": {
        "amount": "3.0",
        "unit": "asset"
      },
      "precision": 6
    },
    {
      "pair": [
        "EUR",
        "EOS"
      ],
      "prefixed": [
        "ZEUR",
        "EOS"
      ],
      "book": "EOSEUR",
      "minimalOrder": {
        "amount": "3.0",
        "unit": "asset"
      },
      "precision": 4
    },
    {
      "pair": [
        "USD",
        "EOS"
      ],
      "prefixed": [
        "ZUSD",
        "EOS"
      ],
      "book": "EOSUSD",
      "minimalOrder": {
        "amount": "3.0",
        "unit": "asset"
      },
      "precision": 4
    },
    {
      "pair": [
        "XBT",
        "EOS"
      ],
      "prefixed": [
        "XXBT",
        "EOS"
      ],
      "book": "EOSXBT",
      "minimalOrder": {
        "amount": "3.0",
        "unit": "asset"
      },
      "precision": 7
    },
    {
      "pair": [
        "ETH",
        "GNO"
      ],
      "prefixed": [
        "XETH",
        "GNO"
      ],
      "book": "GNOETH",
      "minimalOrder": {
        "amount": "0.03",
        "unit": "asset"
      },
      "precision": 4
    },
    {
      "pair": [
        "EUR",
        "GNO"
      ],
      "prefixed": [
        "ZEUR",
        "GNO"
      ],
      "book": "GNOEUR",
      "minimalOrder": {
        "amount": "0.03",
        "unit": "asset"
      },
      "precision": 2
    },
    {
      "pair": [
        "USD",
        "GNO"
      ],
      "prefixed": [
        "ZUSD",
        "GNO"
      ],
      "book": "GNOUSD",
      "minimalOrder": {
        "amount": "0.03",
        "unit": "asset"
      },
      "precision": 2
    },
    {
      "pair": [
        "XBT",
        "GNO"
      ],
      "prefixed": [
        "XXBT",
        "GNO"
      ],
      "book": "GNOXBT",
      "minimalOrder": {
        "amount": "0.03",
        "unit": "asset"
      },
      "precision": 5
    },
    {
      "pair": [
        "USD",
        "USDT"
      ],
      "prefixed": [
        "ZUSD",
        "USDT"
      ],
      "book": "USDTZUSD",
      "minimalOrder": {
        "amount": "5",
        "unit": "asset"
      },
      "precision": 4
    },
    {
      "pair": [
        "ETH",
        "ETC"
      ],
      "prefixed": [
        "XETH",
        "XETC"
      ],
      "book": "XETCXETH",
      "minimalOrder": {
        "amount": "0.3",
        "unit": "asset"
      },
      "precision": 6
    },
    {
      "pair": [
        "XBT",
        "ETC"
      ],
      "prefixed": [
        "XXBT",
        "XETC"
      ],
      "book": "XETCXXBT",
      "minimalOrder": {
        "amount": "0.3",
        "unit": "asset"
      },
      "precision": 6
    },
    {
      "pair": [
        "EUR",
        "ETC"
      ],
      "prefixed": [
        "ZEUR",
        "XETC"
      ],
      "book": "XETCZEUR",
      "minimalOrder": {
        "amount": "0.3",
        "unit": "asset"
      },
      "precision": 3
    },
    {
      "pair": [
        "USD",
        "ETC"
      ],
      "prefixed": [
        "ZUSD",
        "XETC"
      ],
      "book": "XETCZUSD",
      "minimalOrder": {
        "amount": "0.3",
        "unit": "asset"
      },
      "precision": 3
    },
    {
      "pair": [
        "XBT",
        "ETH"
      ],
      "prefixed": [
        "XXBT",
        "XETH"
      ],
      "book": "XETHXXBT",
      "minimalOrder": {
        "amount": "0.02",
        "unit": "asset"
      },
      "precision": 5
    },
    {
      "pair": [
        "CAD",
        "ETH"
      ],
      "prefixed": [
        "ZCAD",
        "XETH"
      ],
      "book": "XETHZCAD",
      "minimalOrder": {
        "amount": "0.02",
        "unit": "asset"
      },
      "precision": 2
    },
    {
      "pair": [
        "EUR",
        "ETH"
      ],
      "prefixed": [
        "ZEUR",
        "XETH"
      ],
      "book": "XETHZEUR",
      "minimalOrder": {
        "amount": "0.02",
        "unit": "asset"
      },
      "precision": 2
    },
    {
      "pair": [
        "GBP",
        "ETH"
      ],
      "prefixed": [
        "ZGBP",
        "XETH"
      ],
      "book": "XETHZGBP",
      "minimalOrder": {
        "amount": "0.02",
        "unit": "asset"
      },
      "precision": 2
    },
    {
      "pair": [
        "JPY",
        "ETH"
      ],
      "prefixed": [
        "ZJPY",
        "XETH"
      ],
      "book": "XETHZJPY",
      "minimalOrder": {
        "amount": "0.02",
        "unit": "asset"
      },
      "precision": 0
    },
    {
      "pair": [
        "USD",
        "ETH"
      ],
      "prefixed": [
        "ZUSD",
        "XETH"
      ],
      "book": "XETHZUSD",
      "minimalOrder": {
        "amount": "0.02",
        "unit": "asset"
      },
      "precision": 2
    },
    {
      "pair": [
        "ETH",
        "ICN"
      ],
      "prefixed": [
        "XETH",
        "XICN"
      ],
      "book": "XICNXETH",
      "minimalOrder": {
        "amount": "2.0",
        "unit": "asset"
      },
      "precision": 6
    },
    {
      "pair": [
        "XBT",
        "ICN"
      ],
      "prefixed": [
        "XXBT",
        "XICN"
      ],
      "book": "XICNXXBT",
      "minimalOrder": {
        "amount": "2.0",
        "unit": "asset"
      },
      "precision": 6
    },
    {
      "pair": [
        "XBT",
        "LTC"
      ],
      "prefixed": [
        "XXBT",
        "XLTC"
      ],
      "book": "XLTCXXBT",
      "minimalOrder": {
        "amount": "0.1",
        "unit": "asset"
      },
      "precision": 6
    },
    {
      "pair": [
        "EUR",
        "LTC"
      ],
      "prefixed": [
        "ZEUR",
        "XLTC"
      ],
      "book": "XLTCZEUR",
      "minimalOrder": {
        "amount": "0.1",
        "unit": "asset"
      },
      "precision": 2
    },
    {
      "pair": [
        "USD",
        "LTC"
      ],
      "prefixed": [
        "ZUSD",
        "XLTC"
      ],
      "book": "XLTCZUSD",
      "minimalOrder": {
        "amount": "0.1",
        "unit": "asset"
      },
      "precision": 2
    },
    {
      "pair": [
        "ETH",
        "MLN"
      ],
      "prefixed": [
        "XETH",
        "XMLN"
      ],
      "book": "XMLNXETH",
      "minimalOrder": {
        "amount": "0.1",
        "unit": "asset"
      },
      "precision": 5
    },
    {
      "pair": [
        "XBT",
        "MLN"
      ],
      "prefixed": [
        "XXBT",
        "XMLN"
      ],
      "book": "XMLNXXBT",
      "minimalOrder": {
        "amount": "0.1",
        "unit": "asset"
      },
      "precision": 6
    },
    {
      "pair": [
        "ETH",
        "REP"
      ],
      "prefixed": [
        "XETH",
        "XREP"
      ],
      "book": "XREPXETH",
      "minimalOrder": {
        "amount": "0.3",
        "unit": "asset"
      },
      "precision": 5
    },
    {
      "pair": [
        "XBT",
        "REP"
      ],
      "prefixed": [
        "XXBT",
        "XREP"
      ],
      "book": "XREPXXBT",
      "minimalOrder": {
        "amount": "0.3",
        "unit": "asset"
      },
      "precision": 6
    },
    {
      "pair": [
        "EUR",
        "REP"
      ],
      "prefixed": [
        "ZEUR",
        "XREP"
      ],
      "book": "XREPZEUR",
      "minimalOrder": {
        "amount": "0.3",
        "unit": "asset"
      },
      "precision": 3
    },
    {
      "pair": [
        "USD",
        "REP"
      ],
      "prefixed": [
        "ZUSD",
        "XREP"
      ],
      "book": "XREPZUSD",
      "minimalOrder": {
        "amount": "0.3",
        "unit": "asset"
      },
      "precision": 3
    },
    {
      "pair": [
        "CAD",
        "XBT"
      ],
      "prefixed": [
        "ZCAD",
        "XXBT"
      ],
      "book": "XXBTZCAD",
      "minimalOrder": {
        "amount": 0.01,
        "unit": "asset"
      },
      "precision": 1
    },
    {
      "pair": [
        "EUR",
        "XBT"
      ],
      "prefixed": [
        "ZEUR",
        "XXBT"
      ],
      "book": "XXBTZEUR",
      "minimalOrder": {
        "amount": 0.01,
        "unit": "asset"
      },
      "precision": 1
    },
    {
      "pair": [
        "GBP",
        "XBT"
      ],
      "prefixed": [
        "ZGBP",
        "XXBT"
      ],
      "book": "XXBTZGBP",
      "minimalOrder": {
        "amount": 0.01,
        "unit": "asset"
      },
      "precision": 1
    },
    {
      "pair": [
        "JPY",
        "XBT"
      ],
      "prefixed": [
        "ZJPY",
        "XXBT"
      ],
      "book": "XXBTZJPY",
      "minimalOrder": {
        "amount": 0.01,
        "unit": "asset"
      },
      "precision": 0
    },
    {
      "pair": [
        "USD",
        "XBT"
      ],
      "prefixed": [
        "ZUSD",
        "XXBT"
      ],
      "book": "XXBTZUSD",
      "minimalOrder": {
        "amount": 0.01,
        "unit": "asset"
      },
      "precision": 1
    },
    {
      "pair": [
        "XBT",
        "XDG"
      ],
      "prefixed": [
        "XXBT",
        "XXDG"
      ],
      "book": "XXDGXXBT",
      "minimalOrder": {
        "amount": 0.01,
        "unit": "asset"
      },
      "precision": 8
    },
    {
      "pair": [
        "XBT",
        "XLM"
      ],
      "prefixed": [
        "XXBT",
        "XXLM"
      ],
      "book": "XXLMXXBT",
      "minimalOrder": {
        "amount": "300",
        "unit": "asset"
      },
      "precision": 8
    },
    {
      "pair": [
        "EUR",
        "XLM"
      ],
      "prefixed": [
        "ZEUR",
        "XXLM"
      ],
      "book": "XXLMZEUR",
      "minimalOrder": {
        "amount": "300",
        "unit": "asset"
      },
      "precision": 6
    },
    {
      "pair": [
        "USD",
        "XLM"
      ],
      "prefixed": [
        "ZUSD",
        "XXLM"
      ],
      "book": "XXLMZUSD",
      "minimalOrder": {
        "amount": "300",
        "unit": "asset"
      },
      "precision": 6
    },
    {
      "pair": [
        "XBT",
        "XMR"
      ],
      "prefixed": [
        "XXBT",
        "XXMR"
      ],
      "book": "XXMRXXBT",
      "minimalOrder": {
        "amount": "0.1",
        "unit": "asset"
      },
      "precision": 6
    },
    {
      "pair": [
        "EUR",
        "XMR"
      ],
      "prefixed": [
        "ZEUR",
        "XXMR"
      ],
      "book": "XXMRZEUR",
      "minimalOrder": {
        "amount": "0.1",
        "unit": "asset"
      },
      "precision": 2
    },
    {
      "pair": [
        "USD",
        "XMR"
      ],
      "prefixed": [
        "ZUSD",
        "XXMR"
      ],
      "book": "XXMRZUSD",
      "minimalOrder": {
        "amount": "0.1",
        "unit": "asset"
      },
      "precision": 2
    },
    {
      "pair": [
        "XBT",
        "XRP"
      ],
      "prefixed": [
        "XXBT",
        "XXRP"
      ],
      "book": "XXRPXXBT",
      "minimalOrder": {
        "amount": "30",
        "unit": "asset"
      },
      "precision": 8
    },
    {
      "pair": [
        "CAD",
        "XRP"
      ],
      "prefixed": [
        "ZCAD",
        "XXRP"
      ],
      "book": "XXRPZCAD",
      "minimalOrder": {
        "amount": "30",
        "unit": "asset"
      },
      "precision": 5
    },
    {
      "pair": [
        "EUR",
        "XRP"
      ],
      "prefixed": [
        "ZEUR",
        "XXRP"
      ],
      "book": "XXRPZEUR",
      "minimalOrder": {
        "amount": "30",
        "unit": "asset"
      },
      "precision": 5
    },
    {
      "pair": [
        "JPY",
        "XRP"
      ],
      "prefixed": [
        "ZJPY",
        "XXRP"
      ],
      "book": "XXRPZJPY",
      "minimalOrder": {
        "amount": "30",
        "unit": "asset"
      },
      "precision": 3
    },
    {
      "pair": [
        "USD",
        "XRP"
      ],
      "prefixed": [
        "ZUSD",
        "XXRP"
      ],
      "book": "XXRPZUSD",
      "minimalOrder": {
        "amount": "30",
        "unit": "asset"
      },
      "precision": 5
    },
    {
      "pair": [
        "XBT",
        "ZEC"
      ],
      "prefixed": [
        "XXBT",
        "XZEC"
      ],
      "book": "XZECXXBT",
      "minimalOrder": {
        "amount": "0.03",
        "unit": "asset"
      },
      "precision": 5
    },
    {
      "pair": [
        "EUR",
        "ZEC"
      ],
      "prefixed": [
        "ZEUR",
        "XZEC"
      ],
      "book": "XZECZEUR",
      "minimalOrder": {
        "amount": "0.03",
        "unit": "asset"
      },
      "precision": 3
    },
    {
      "pair": [
        "JPY",
        "ZEC"
      ],
      "prefixed": [
        "ZJPY",
        "XZEC"
      ],
      "book": "XZECZJPY",
      "minimalOrder": {
        "amount": "0.03",
        "unit": "asset"
      },
      "precision": 3
    },
    {
      "pair": [
        "USD",
        "ZEC"
      ],
      "prefixed": [
        "ZUSD",
        "XZEC"
      ],
      "book": "XZECZUSD",
      "minimalOrder": {
        "amount": "0.03",
        "unit": "asset"
      },
      "precision": 2
    }
  ]
}